Draw Number,Draw Date,Draw Name,Draw Size,CRS Cutoff,Draw Date Time,Draw Cut Off Date Time,Pool Size Measured On,Candidates with CRS > 600,Candidates with CRS 501-600,Candidates with CRS 451-500,Candidates with CRS 491-500,Candidates with CRS 481-490,Candidates with CRS 471-480,Candidates with CRS 461-470,Candidates with CRS 451-460,Candidates with CRS 401-450,Candidates with CRS 441-450,Candidates with CRS 431-440,Candidates with CRS 421-430,Candidates with CRS 411-420,Candidates with CRS 401-410,Candidates with CRS 351-400,Candidates with CRS 301-350,Candidates with CRS 0-300,Total Candidates in EE Pool
355,2025-07-08,Canadian Experience Class,"3,000",518,July 08 2025 14:59:08 UTC,October 02 2024 1:48:36 UTC,"July 6, 2025",358,"22,591","77,550","13,342","13,830","17,534","17,309","15,535","72,608","15,069","15,786","14,341","14,315","13,097","53,697","21,135","8,285","256,224"
354,2025-07-07,Provincial Nominee Program,356,750,July 07 2025 14:17:56 UTC,March 19 2025 04:09:09 UTC,"July 6, 2025",358,"22,591","77,550","13,342","13,830","17,534","17,309","15,535","72,608","15,069","15,786","14,341","14,315","13,097","53,697","21,135","8,285","256,224"
353,2025-06-26,Canadian Experience Class,"3,000",521,June 26 2025 12:48:05 UTC,November 21 2024 15:56:13 UTC,"June 22, 2025",471,"22,947","76,748","13,190","13,508","17,358","17,167","15,525","72,235","14,927","15,676","14,273","14,209","13,150","54,237","21,746","8,370","256,754"
352,2025-06-23,Provincial Nominee Program,503,742,June 23 2025 15:42:14 UTC,May 30 2025 21:44:57 UTC,"June 22, 2025",471,"22,947","76,748","13,190","13,508","17,358","17,167","15,525","72,235","14,927","15,676","14,273","14,209","13,150","54,237","21,746","8,370","256,754"
351,2025-06-12,Canadian Experience Class,"3,000",529,June 12 2025 14:06:31 UTC,September 28 2024 18:06:46 UTC,"June 11, 2025",90,"25,053","76,289","13,134","13,419","17,163","17,113","15,460","71,927","14,930","15,669","14,264","14,095","12,969","54,039","21,782","8,377","257,557"
350,2025-06-10,Provincial Nominee Program,125,784,June 10 2025 13:57:34 UTC,September 12 2024 18:12:15 UTC,"June 9, 2025",102,"24,823","76,090","13,101","13,366","17,093","17,077","15,453","71,668","14,911","15,614","14,211","14,026","12,906","53,926","21,705","8,339","256,653"
349,2025-06-04,Healthcare and social services occupations (Version 2),500,504,June 04 2025 13:54:24 UTC,March 31 2025 06:47:23 UTC,"June 1, 2025",274,"24,650","75,330","12,906","13,145","16,866","17,027","15,386","71,068","14,768","15,490","14,089","13,850","12,871","53,714","21,682","8,312","255,030"
348,2025-06-02,Provincial Nominee Program,277,726,June 02 2025 17:04:42 UTC,September 24 2024 15:46:19 UTC,"June 1, 2025",274,"24,650","75,330","12,906","13,145","16,866","17,027","15,386","71,068","14,768","15,490","14,089","13,850","12,871","53,714","21,682","8,312","255,030"
347,2025-05-13,Canadian Experience Class,500,547,May 13 2025 14:57:30 UTC,May 21 2024 17:26:27 UTC,"May 13, 2025",28,"22,435","73,741","12,429","12,704","16,641","16,691","15,276","69,673","14,439","15,241","13,718","13,589","12,686","53,684","22,069","8,452","250,082"
346,2025-05-12,Provincial Nominee Program,511,706,May 12 2025 14:14:40 UTC,March 04 2025 22:35:42 UTC,"May 12, 2025",513,"22,316","73,582","12,399","12,663","16,612","16,663","15,245","69,467","14,401","15,200","13,675","13,552","12,639","53,598","22,051","8,442","249,969"
345,2025-05-02,Healthcare and social services occupations (Version 2),500,510,May 02 2025 16:14:46 UTC,July 21 2024 04:31:17 UTC,"April 27, 2025",416,"20,708","72,523","12,291","12,544","16,411","16,313","14,964","68,267","14,230","14,909","13,385","13,274","12,469","53,640","22,553","8,566","246,673"
344,2025-05-01,Education occupations (Version 1),"1,000",479,May 01 2025 16:02:30 UTC,August 10 2024 10:35:55 UTC,"April 27, 2025",416,"20,708","72,523","12,291","12,544","16,411","16,313","14,964","68,267","14,230","14,909","13,385","13,274","12,469","53,640","22,553","8,566","246,673"
343,2025-04-28,Provincial Nominee Program,421,727,April 28 2025 14:18:27 UTC,September 09 2024 17:11:19 UTC,"April 27, 2025",416,"20,708","72,523","12,291","12,544","16,411","16,313","14,964","68,267","14,230","14,909","13,385","13,274","12,469","53,640","22,553","8,566","246,673"
342,2025-04-14,Provincial Nominee Program,825,764,April 14 2025 13:49:47 UTC,August 17 2024 18:35:52 UTC,"April 13, 2025",816,"19,782","71,542","12,093","12,359","16,215","16,189","14,686","67,301","14,131","14,740","13,084","13,020","12,326","53,479","22,799","8,563","244,282"
341,2025-03-21,French language proficiency (Version 1),"7,500",379,March 21 2025 14:41:58 UTC,March 06 2025 02:53:27 UTC,"March 16, 2025",693,"25,522","70,055","13,711","13,343","16,033","14,032","12,936","61,487","12,314","13,018","11,619","11,919","12,617","51,802","21,303","6,047","236,909"
340,2025-03-17,Provincial Nominee Program,536,736,March 17 2025 15:33:36 UTC,March 12 2025 14:02:14 UTC,"March 16, 2025",693,"25,522","70,055","13,711","13,343","16,033","14,032","12,936","61,487","12,314","13,018","11,619","11,919","12,617","51,802","21,303","6,047","236,909"
339,2025-03-06,French language proficiency (Version 1),"4,500",410,March 06 2025 16:21:58 UTC,February 11 2025 07:47:29 UTC,"March 3, 2025",807,"23,075","66,792","13,174","12,730","15,213","13,377","12,298","61,383","11,822","12,429","12,072","13,014","12,046","49,555","20,573","5,637","227,822"
338,2025-03-03,Provincial Nominee Program,725,667,March 03 2025 15:15:56 UTC,June 05 2024 18:25:22 UTC,"March 3, 2025",807,"23,075","66,792","13,174","12,730","15,213","13,377","12,298","61,383","11,822","12,429","12,072","13,014","12,046","49,555","20,573","5,637","227,822"
337,2025-02-19,French language proficiency (Version 1),"6,500",428,February 19 2025 16:18:12 UTC,February 10 2025 16:41:38 UTC,"February 16, 2025",768,"21,203","69,892","13,683","13,236","15,836","14,018","13,119","64,222","12,651","13,763","12,551","13,028","12,229","51,315","21,518","5,726","234,644"
336,2025-02-17,Provincial Nominee Program,646,750,February 17 2025 14:42:17 UTC,July 23 2024 17:41:11 UTC,"February 16, 2025",768,"21,203","69,892","13,683","13,236","15,836","14,018","13,119","64,222","12,651","13,763","12,551","13,028","12,229","51,315","21,518","5,726","234,644"
335,2025-02-05,Canadian Experience Class,"4,000",521,February 05 2025 15:34:00 UTC,November 14 2024 02:52:14 UTC,"February 5, 2025",173,"23,165","68,910","13,487","13,003","15,652","13,815","12,953","63,508","12,567","13,621","12,432","12,833","12,055","51,079","21,576","5,641","234,052"
334,2025-02-04,Provincial Nominee Program,455,802,February 04 2025 16:23:47 UTC,December 07 2024 19:39:25 UTC,"February 4, 2025",468,"22,604","68,525","13,414","12,931","15,551","13,732","12,897","63,174","12,489","13,539","12,386","12,780","11,980","50,876","21,462","5,604","232,713"
333,2025-01-23,Canadian Experience Class,"4,000",527,January 23 2025 2025-01-23 15:30:04 UTC,July 23 2024 07:06:43 UTC,"January 23, 2025",200,"24,001","67,548","13,126","12,866","15,392","13,483","12,681","62,426","12,256","13,389","12,205","12,667","11,909","51,213","21,903","5,633","232,924"
332,2025-01-08,Canadian Experience Class,"1,350",542,January 08 2025 16:02:18 UTC,December 07 2024 01:10:06 UTC,"January 8, 2025",171,"23,240","65,699","12,811","12,492","14,965","13,034","12,397","60,704","11,938","13,030","11,901","12,224","11,611","50,607","21,788","5,554","227,763"
331,2025-01-07,Provincial Nominee Program,471,793,January 7 2025 16:06:45 UTC,November 25 2024 16:57:27 UTC,"January 7, 2025",633,"23,021","65,492","12,799","12,431","14,917","12,973","12,372","60,416","11,878","12,975","11,839","12,152","11,572","50,452","21,746","5,545","227,305"
330,2024-12-16,Provincial Nominee Program,"1,085",727,December 16 2024 15:13:20 UTC,September 18 2024 13:39:10 UTC,"December 16, 2024","1,203","19,885","63,369","12,355","11,984","14,379","12,610","12,041","58,543","11,456","12,511","11,400","11,788","11,388","50,506","22,183","5,621","221,310"
329,2024-12-03,French language proficiency (Version 1),800,466,December 03 2024 15:44:17 UTC,November 26 2024 02:44:59 UTC,"December 1, 2024",738,"18,673","62,985","12,316","11,905","14,371","12,521","11,872","57,590","11,219","12,313","11,217","11,602","11,239","50,609","22,280","5,615","218,490"
328,2024-12-02,Provincial Nominee Program,676,705,December 02 2024 15:37:54 UTC,November 27 2024 18:15:17 UTC,"December 1, 2024",738,"18,673","62,985","12,316","11,905","14,371","12,521","11,872","57,590","11,219","12,313","11,217","11,602","11,239","50,609","22,280","5,615","218,490"
327,2024-11-20,Healthcare occupations (Version 1),"3,000",463,November 20 2024 15:06:25 UTC,October 21 2024 16:12:39 UTC,"November 18, 2024",100,"16,495","64,596","12,208","12,318","15,238","13,141","11,691","57,062","11,045","12,196","11,113","11,463","11,245","51,434","22,865","5,615","218,167"
326,2024-11-19,Canadian Experience Class,400,539,November 19 2024 14:38:41 UTC,July 08 2024 01:41:37 UTC,"November 18, 2024",100,"16,495","64,596","12,208","12,318","15,238","13,141","11,691","57,062","11,045","12,196","11,113","11,463","11,245","51,434","22,865","5,615","218,167"
325,2024-11-18,Provincial Nominee Program,174,816,November 18 2024 15:50:45 UTC,August 28 2024 05:12:34 UTC,"November 17, 2024",225,"16,318","64,394","12,182","12,279","15,185","13,113","11,635","56,943","11,009","12,183","11,090","11,425","11,236","51,361","22,804","5,603","217,648"
324,2024-11-15,French language proficiency (Version 1),800,478,November 15 2024 13:37:27 UTC,November 07 2024 13:12:03 UTC,"November 12, 2024",120,"16,625","64,425","12,290","12,382","15,160","13,062","11,531","56,597","10,978","12,107","10,996","11,359","11,157","51,355","22,788","5,590","217,500"
323,2024-11-13,Canadian Experience Class,400,547,November 13 2024 15:58:05 UTC,April 10 2024 03:58:05 UTC,"November 12, 2024",120,"16,625","64,425","12,290","12,382","15,160","13,062","11,531","56,597","10,978","12,107","10,996","11,359","11,157","51,355","22,788","5,590","217,500"
322,2024-11-12,Provincial Nominee Program,733,812,November 12 2024 16:12:30 UTC,March 02. 2024 01:58:34 UTC,"November 11, 2024",810,"16,245","64,079","12,239","12,309","15,075","12,974","11,482","56,206","10,870","12,049","10,907","11,317","11,063","51,137","22,710","5,548","216,735"
321,2024-10-23,Trade occupations (Version 1),"1,800",433,October 23 2024 14:48:28 UTC,March 12 2024 14:30:36 UTC,"October 22, 2024",124,"13,430","63,285","11,925","12,240","14,914","12,900","11,306","55,503","10,931","12,047","10,583","11,071","10,871","51,048","22,928","5,462","211,780"
320,2024-10-22,Canadian Experience Class,400,539,October 22 2024 14:07:18 UTC,October 19 2024 21:53:18 UTC,"October 22, 2024",124,"13,430","63,285","11,925","12,240","14,914","12,900","11,306","55,503","10,931","12,047","10,583","11,071","10,871","51,048","22,928","5,462","211,780"
319,2024-10-21,Provincial Nominee Program,648,791,October 21 2024 15:12:14 UTC,August 13 2024 20:04:52 UTC,"October 21, 2024",705,"13,209","63,152","11,903","12,232","14,872","12,856","11,289","55,371","10,903","12,019","10,558","11,046","10,845","50,989","22,920","5,441","211,787"
318,2024-10-10,French language proficiency (Version 1),"1,000",444,October 10 2024 15:45:35 UTC,September 27 2024 18:56:32 UTC,"October 9, 2024",216,"12,312","63,026","11,840","12,282","14,794","12,829","11,281","54,542","10,903","11,876","10,361","10,733","10,669","50,737","23,082","5,402","209,317"
317,2024-10-09,Canadian Experience Class,500,539,October 09 2024 14:22:23 UTC,February 20 2024 02:57:40 UTC,"October 9, 2024",216,"12,312","63,026","11,840","12,282","14,794","12,829","11,281","54,542","10,903","11,876","10,361","10,733","10,669","50,737","23,082","5,402","209,317"
316,2024-10-07,Provincial Nominee Program,"1,613",743,October 7 2024 15:02:50 UTC,March 22 2024 18:36:54 UTC,"October 7, 2024","1,656","11,800","62,853","11,815","12,236","14,729","12,818","11,255","54,313","10,845","11,804","10,340","10,707","10,617","50,741","23,155","5,374","209,892"
315,2024-09-19,Canadian Experience Class,"4,000",509,September 19 2024 13:12:22 UTC,November 06 2023 20:17:35 UTC,"September 19, 2024",764,"11,752","61,769","11,352","12,110","14,582","12,690","11,035","53,270","10,655","11,528","10,102","10,598","10,387","51,137","23,613","5,457","207,762"
314,2024-09-13,French language proficiency (Version 1),"1,000",446,September 13 2024 13:38:58 UTC,August 28 2024 17:07:19 UTC,"September 9, 2024",937,"9,987","61,797","11,274","12,131","14,665","12,717","11,010","52,525","10,496","11,357","9,948","10,474","10,250","51,188","23,708","5,427","205,569"
313,2024-09-09,Provincial Nominee Program,911,732,September 09 2024 15:42:40 UTC,March 13 2024 19:56:16 UTC,"September 9, 2024",937,"9,987","61,797","11,274","12,131","14,665","12,717","11,010","52,525","10,496","11,357","9,948","10,474","10,250","51,188","23,708","5,427","205,569"
312,2024-08-27,Canadian Experience Class,"3,300",507,August 27 2024 17:44:02 UTC,April 17 2024 20:11:20 UTC,"August 27, 2024",127,"9,764","61,133","10,918","12,038","14,722","12,676","10,779","51,863","10,259","11,142","9,814","10,493","10,155","52,363","24,396","5,491","205,137"
311,2024-08-26,Provincial Nominee Program,"1,121",694,August 26 2024 14:46:49 UTC,August 03 2024 18:54:27 UTC,"August 26, 2024","1,154","9,447","60,991","10,899","12,030","14,681","12,639","10,742","51,705","10,227","11,120","9,799","10,450","10,109","52,302","24,359","5,490","205,448"
310,2024-08-15,French language proficiency (Version 1),"2,000",394,August 15 2024 2024-08-15 15:11:54 UTC,July 07 2024 09:46:10 UTC,"August 14, 2024",125,"11,055","61,210","10,883","11,990","14,873","12,747","10,717","52,261","10,303","11,229","9,868","10,619","10,242","53,137","24,690","5,482","207,960"
309,2024-08-14,Canadian Experience Class,"3,200",509,August 14 2024 14:04:45 UTC,March 01 2024 19:23:21 UTC,"August 14, 2024",125,"11,055","61,210","10,883","11,990","14,873","12,747","10,717","52,261","10,303","11,229","9,868","10,619","10,242","53,137","24,690","5,482","207,960"
308,2024-08-13,Provincial Nominee Program,763,690,August 13 2024 14:57:21 UTC,April 26 2024 10:59:30 UTC,"August 13, 2024",713,"10,502","60,902","10,780","11,959","14,813","12,705","10,645","51,992","10,256","11,169","9,845","10,539","10,183","53,052","24,695","5,463","207,319"
307,2024-07-31,Canadian Experience Class,"5,000",510,July 31 2024 14:48:13 UTC,June 30 2024 20:39:14 UTC,"July 31, 2024",105,"12,455","60,511","10,172","12,015","14,994","12,656","10,674","51,969","10,137","11,183","9,798","10,506","10,345","54,320","25,553","5,608","210,521"
306,2024-07-30,Provincial Nominee Program,964,686,July 30 2024 15:25:21 UTC,May 27 2024 07:07:21 UTC,"July 30, 2024","1,000","12,250","60,312","10,114","11,971","15,004","12,607","10,616","51,793","10,114","11,133","9,768","10,445","10,333","54,274","25,481","5,594","210,704"
305,2024-07-18,French language proficiency (Version 1),"1,800",400,July 18 2024 14:58:28 UTC,March 08 2024 19:51:40 UTC,"July 17, 2024",184,"16,968","60,115","9,982","11,852","15,120","12,616","10,545","52,635","10,067","11,020","9,701","10,888","10,959","54,597","25,669","5,567","215,735"
304,2024-07-17,Canadian Experience Class,"6,300",515,July 17 2024 16:17:31 UTC,February 03 2024 13:01:06 UTC,"July 17, 2024",184,"16,968","60,115","9,982","11,852","15,120","12,616","10,545","52,635","10,067","11,020","9,701","10,888","10,959","54,597","25,669","5,567","215,735"
303,2024-07-16,Provincial Nominee Program,"1,391",670,July 16 2024 15:39:40 UTC,May 04 2024 13:27:31 UTC,"July 16, 2024","1,407","16,800","60,006","9,947","11,809","15,113","12,620","10,517","52,500","10,047","10,978","9,661","10,880","10,934","54,576","25,621","5,547","216,457"
302,2024-07-08,French language proficiency (Version 1),"3,200",420,July 08 2024 14:01:33 UTC,May 30 2024 03:37:43 UTC,"July 2, 2024",940,"16,521","64,761","10,295","12,447","16,371","13,883","11,765","54,148","11,031","11,342","9,947","10,876","10,952","54,902","25,752","5,523","222,547"
301,2024-07-05,Healthcare occupations (Version 1),"3,750",445,July 05 2024 16:03:12 UTC,May 07 2024 21:27:04 UTC,"July 2, 2024",940,"16,521","64,761","10,295","12,447","16,371","13,883","11,765","54,148","11,031","11,342","9,947","10,876","10,952","54,902","25,752","5,523","222,547"
300,2024-07-04,Trade occupations (Version 1),"1,800",436,July 4 2024 13:30:48 UTC,July 16 2023 15:44:59 UTC,"July 2, 2024",940,"16,521","64,761","10,295","12,447","16,371","13,883","11,765","54,148","11,031","11,342","9,947","10,876","10,952","54,902","25,752","5,523","222,547"
299,2024-07-02,Provincial Nominee Program,920,739,July 2 2024 15:12:05 UTC,February 02 2024 11:38:43 UTC,"July 2, 2024",940,"16,521","64,761","10,295","12,447","16,371","13,883","11,765","54,148","11,031","11,342","9,947","10,876","10,952","54,902","25,752","5,523","222,547"
298,2024-06-19,Provincial Nominee Program,"1,499",663,June 19 2024 14:37:26 UTC,January 19 2024 10:10:40 UTC,"May 30, 2024","3,002","14,330","63,451","8,880","12,132","16,800","13,840","11,799","54,200","11,026","11,086","9,989","10,927","11,172","57,086","27,247","5,624","224,940"
297,2024-05-31,Canadian Experience Class,"3,000",522,May 31 2024 12:48:30 UTC,March 19 2024 18:58:58 UTC,"May 29, 2024","2,918","14,211","63,353","8,855","12,120","16,805","13,828","11,745","54,078","11,022","11,023","9,977","10,900","11,156","57,028","27,210","5,606","224,404"
296,2024-05-30,Provincial Nominee Program,"2,985",676,May 30 2024 14:59:31 UTC,January 19 2024 18:32:21 UTC,"May 29, 2024","2,918","14,211","63,353","8,855","12,120","16,805","13,828","11,745","54,078","11,022","11,023","9,977","10,900","11,156","57,028","27,210","5,606","224,404"
295,2024-04-24,French language proficiency (Version 1),"1,400",410,April 24 2024 14:10:42 UTC,April 07 2024 02:06:46 UTC,"April 23, 2024","1,057","10,625","60,933","7,520","11,495","16,928","13,558","11,432","52,475","10,646","10,645","9,645","10,740","10,799","56,383","27,740","5,484","214,697"
294,2024-04-23,General,"2,095",529,April 23 2024 16:54:59 UTC,November 08 2023 17:50:29 UTC,"April 23, 2024","1,057","10,625","60,933","7,520","11,495","16,928","13,558","11,432","52,475","10,646","10,645","9,645","10,740","10,799","56,383","27,740","5,484","214,697"
293,2024-04-11,STEM occupations (Version 1),"4,500",491,April 11 2024 13:23:42 UTC,February 25 2024 11:55:12 UTC,"April 9, 2024","1,093","12,051","62,073","9,167","11,246","16,933","13,429","11,298","51,694","10,454","10,485","9,461","10,640","10,654","56,015","27,831","5,410","216,167"
292,2024-04-10,General,"1,280",549,April 10 2024 13:11:33 UTC,March 21 2024 03:37:24 UTC,"April 9, 2024","1,093","12,051","62,073","9,167","11,246","16,933","13,429","11,298","51,694","10,454","10,485","9,461","10,640","10,654","56,015","27,831","5,410","216,167"
291,2024-03-26,French language proficiency (Version 1),"1,500",388,March 26 2024 15:59:36 UTC,March 10 2024 20:06:26 UTC,"March 24, 2024",987,"10,342","60,488","8,294","10,683","17,105","13,218","11,188","50,882","10,172","10,309","9,296","10,610","10,495","55,586","28,287","5,390","211,962"
290,2024-03-25,General,"1,980",524,March 25 2024 17:45:49 UTC,February 25 2024 14:42:38 UTC,"March 24, 2024",987,"10,342","60,488","8,294","10,683","17,105","13,218","11,188","50,882","10,172","10,309","9,296","10,610","10,495","55,586","28,287","5,390","211,962"
289,2024-03-13,Transport occupations (Version 1),975,430,March 13 2024 16:16:01 UTC,July 31 2023 13:27:26 UTC,"March 11, 2024",987,"10,573","60,108","8,065","10,499","17,083","13,275","11,186","50,569","10,174","10,410","9,186","10,414","10,385","55,099","28,536","5,348","211,220"
288,2024-03-12,General,"2,850",525,March 12 2024 14:57:26 UTC,November 01 2023 17:08:51 UTC,"March 11, 2024",987,"10,573","60,108","8,065","10,499","17,083","13,275","11,186","50,569","10,174","10,410","9,186","10,414","10,385","55,099","28,536","5,348","211,220"
287,2024-02-29,French language proficiency (Version 1),"2,500",336,February 29 2024 15:58:53 UTC,January 18 2024 09:15:46 UTC,"February 27, 2024",965,"9,567","59,371","7,574","10,095","17,137","13,373","11,192","50,695","10,265","10,474","9,110","10,407","10,439","56,178","29,305","5,406","211,487"
286,2024-02-28,General,"1,470",534,February 28 2024 14:57:26 UTC,January 16 2024 03:51:05 UTC,"February 27, 2024",965,"9,567","59,371","7,574","10,095","17,137","13,373","11,192","50,695","10,265","10,474","9,110","10,407","10,439","56,178","29,305","5,406","211,487"
285,2024-02-16,Agriculture and agri-food occupations (Version 1),150,437,February 16 2024 15:18:05 UTC,January 29 2024 03:32:58 UTC,"February 11, 2024",587,"9,004","60,043","7,285","10,016","17,431","13,750","11,561","51,356","10,514","10,752","9,445","10,283","10,362","55,850","29,141","5,292","211,273"
284,2024-02-14,Healthcare occupations (Version 1),"3,500",422,February 14 2024 15:50:22 UTC,January 30 2024 02:39:54 UTC,"February 11, 2024",587,"9,004","60,043","7,285","10,016","17,431","13,750","11,561","51,356","10,514","10,752","9,445","10,283","10,362","55,850","29,141","5,292","211,273"
283,2024-02-13,General,"1,490",535,February 13 2024 14:18:53 UTC,February 11 2024 15:26:56 UTC,"February 11, 2024",587,"9,004","60,043","7,285","10,016","17,431","13,750","11,561","51,356","10,514","10,752","9,445","10,283","10,362","55,850","29,141","5,292","211,273"
282,2024-02-01,French language proficiency (Version 1),"7,000",365,February 01 2024 16:36:01 UTC,September 08 2023 09:47:27 UTC,"January 30, 2024",534,"7,926","60,120","6,787","9,668","17,586","14,160","11,919","54,181","10,930","11,219","10,104","10,874","11,054","57,855","29,709","5,401","215,726"
281,2024-01-31,General,730,541,January 31 2024 15:18:02 UTC,July 15 2023 10:52:08 UTC,"January 30, 2024",534,"7,926","60,120","6,787","9,668","17,586","14,160","11,919","54,181","10,930","11,219","10,104","10,874","11,054","57,855","29,709","5,401","215,726"
280,2024-01-23,General,"1,040",543,January 23 2024 16:08:03 UTC,January 21 2024 07:43:47 UTC,"January 22, 2024",646,"6,915","59,043","6,399","9,291","17,395","14,189","11,769","53,905","10,942","11,131","10,053","10,801","10,978","57,979","29,690","5,348","213,526"
279,2024-01-10,General,"1,510",546,January 10 2024 16:59:13 UTC,December 31 2023 18:23:22 UTC,"January 9, 2024","1,298","6,345","58,298","6,164","9,042","17,311","14,118","11,663","53,671","10,863","11,072","10,038","10,728","10,970","57,703","29,542","5,300","212,157"
278,2023-12-21,Agriculture and agri-food occupations (Version 1),400,386,December 21 2023 14:15:42 UTC,July 06 2023 05:44:14 UTC,"December 17, 2023","1,011","4,433","56,223","5,140","8,041","17,221","14,219","11,602","53,698","10,946","11,144","10,055","10,606","10,947","58,033","29,955","5,285","208,638"
277,2023-12-20,Transport occupations (Version 1),670,435,December 20 2023 15:55:23 UTC,August 30. 2023 17:30:21 UTC,"December 17, 2023","1,011","4,433","56,223","5,140","8,041","17,221","14,219","11,602","53,698","10,946","11,144","10,055","10,606","10,947","58,033","29,955","5,285","208,638"
276,2023-12-19,Trade occupations (Version 1),"1,000",425,December 19 2023 14:44:00 UTC,November 04 2023 11:16:58 UTC,"December 17, 2023","1,011","4,433","56,223","5,140","8,041","17,221","14,219","11,602","53,698","10,946","11,144","10,055","10,606","10,947","58,033","29,955","5,285","208,638"
275,2023-12-18,General,"1,325",542,December 18 2023 16:12:22 UTC,November 06 2023 14:40:23 UTC,"December 17, 2023","1,011","4,433","56,223","5,140","8,041","17,221","14,219","11,602","53,698","10,946","11,144","10,055","10,606","10,947","58,033","29,955","5,285","208,638"
274,2023-12-08,STEM occupations (Version 1),"5,900",481,December 08 2023 03:02:52 UTC,September 07 2023 09:24:49 UTC,"December 5, 2023","4,525","5,457","60,014","6,634","10,335","17,312","14,165","11,568","53,502","10,885","11,111","9,973","10,608","10,925","58,457","30,148","5,267","217,370"
273,2023-12-07,French language proficiency (Version 1),"1,000",470,December 07 2023 16:35:25 UTC,October 03 2023 04:45:27 UTC,"December 5, 2023","4,525","5,457","60,014","6,634","10,335","17,312","14,165","11,568","53,502","10,885","11,111","9,973","10,608","10,925","58,457","30,148","5,267","217,370"
272,2023-12-06,General,"4,750",561,December 6 2023 16:27:26 UTC,November 08 2023 06:00:13 UTC,"December 5, 2023","4,525","5,457","60,014","6,634","10,335","17,312","14,165","11,568","53,502","10,885","11,111","9,973","10,608","10,925","58,457","30,148","5,267","217,370"
271,2023-10-26,Healthcare occupations (Version 1),"3,600",431,October 26 2023 13:28:39 UTC,May 24 2023 19:47:51 UTC,"October 23, 2023","1,536","1,307","60,587","4,853","9,514","18,836","15,063","12,321","54,565","11,256","11,705","9,926","10,525","11,153","60,378","31,189","5,311","214,873"
270,2023-10-25,French language proficiency (Version 1),300,486,October 25 2023 15:48:39 UTC,September 30 2023 04:22:17 UTC,"October 23, 2023","1,536","1,307","60,587","4,853","9,514","18,836","15,063","12,321","54,565","11,256","11,705","9,926","10,525","11,153","60,378","31,189","5,311","214,873"
269,2023-10-24,Provincial Nominee Program,"1,548",776,October 24 2023 14:23:38 UTC,July 07 2023 07:28:57 UTC,"October 23, 2023","1,536","1,307","60,587","4,853","9,514","18,836","15,063","12,321","54,565","11,256","11,705","9,926","10,525","11,153","60,378","31,189","5,311","214,873"
268,2023-10-10,No Program Specified,"3,725",500,October 10 2023 15:49:55 UTC,October 02 2023 15:25:30 UTC,"October 10, 2023","1,210","2,237","59,674","4,508","9,121","18,794","15,016","12,235","54,162","11,163","11,580","9,844","10,484","11,091","60,078","30,996","5,235","213,592"
267,2023-09-28,Agriculture and agri-food occupations (Version 1),600,354,September 28 2023 16:45:09 UTC,June 12 2023 10:23:21 UTC,"September 26, 2023",544,"2,923","58,645","3,727","8,544","19,143","15,048","12,183","54,225","11,205","11,590","9,810","10,478","11,142","60,843","31,532","5,288","214,000"
266,2023-09-27,French language proficiency (Version 1),500,472,September 27 2023 14:17:04 UTC,August 16 2023 09:00:14 UTC,"September 26, 2023",544,"2,923","58,645","3,727","8,544","19,143","15,048","12,183","54,225","11,205","11,590","9,810","10,478","11,142","60,843","31,532","5,288","214,000"
265,2023-09-26,No Program Specified,"3,000",504,September 26 2023 13:38:55 UTC,September 11 2023 20:24:18 UTC,"September 26, 2023",544,"2,923","58,645","3,727","8,544","19,143","15,048","12,183","54,225","11,205","11,590","9,810","10,478","11,142","60,843","31,532","5,288","214,000"
264,2023-09-20,Transport occupations (Version 1),"1,000",435,September 20 2023 14:04:14 UTC,June 17 2023 06:44:01 UTC,"September 19, 2023","2,637","3,091","58,838","3,596","8,510","19,326","15,170","12,236","54,240","11,331","11,601","9,813","10,414","11,081","60,575","31,418","5,236","216,035"
263,2023-09-19,No Program Specified,"3,200",531,September 19 2023 15:04:11 UTC,September 12 2023 12:16:31 UTC,"September 19, 2023","2,637","3,091","58,838","3,596","8,510","19,326","15,170","12,236","54,240","11,331","11,601","9,813","10,414","11,081","60,575","31,418","5,236","216,035"
262,2023-08-15,No Program Specified,"4,300",496,August 15 2023 14:23:51 UTC,July 04 2023 19:36:18 UTC,"August 15, 2023",984,"2,172","55,924","2,709","6,721","19,351","14,976","12,167","53,709","11,184","11,596","9,573","10,282","11,074","61,289","31,980","5,298","211,356"
261,2023-08-03,Trade occupations (Version 1),"1,500",388,August 03 2023 13:24:52 UTC,June 07 2023 07:03:08 UTC,"August 1, 2023","1,308","2,019","55,295","2,286","6,236","19,398","15,100","12,275","54,173","11,293","11,721","9,618","10,369","11,172","61,438","32,077","5,219","211,529"
260,2023-08-02,French language proficiency (Version 1),800,435,August 02 2023 13:50:04 UTC,July 31 2023 09:57:30 UTC,"August 1, 2023","1,308","2,019","55,295","2,286","6,236","19,398","15,100","12,275","54,173","11,293","11,721","9,618","10,369","11,172","61,438","32,077","5,219","211,529"
259,2023-08-01,No Program Specified,"2,000",517,August 01 2023 13:25:02 UTC,June 30 2023 11:45:05 UTC,"August 1, 2023","1,308","2,019","55,295","2,286","6,236","19,398","15,100","12,275","54,173","11,293","11,721","9,618","10,369","11,172","61,438","32,077","5,219","211,529"
258,2023-07-12,French language proficiency (Version 1),"3,800",375,July 12 2023 13:36:01 UTC,June 15 2023 23:49:05,"July 11, 2023",276,619,"51,689",834,"4,686","19,234","14,827","12,108","55,570","11,164","12,162","9,896","10,775","11,573","63,039","32,771","5,299","209,263"
257,2023-07-11,No Program Specified,800,505,July 11 2023 17:53:49 UTC,October 01 2022 06:13:05 UTC,"July 11, 2023",276,619,"51,689",834,"4,686","19,234","14,827","12,108","55,570","11,164","12,162","9,896","10,775","11,573","63,039","32,771","5,299","209,263"
256,2023-07-07,French language proficiency (Version 1),"2,300",439,July 07 2023 13:11:16 UTC,January 20 2023 17:18:32 UTC,"July 4, 2023",353,726,"54,732",831,"4,719","20,475","16,023","12,684","56,673","11,740","12,309","10,008","10,873","11,743","63,679","33,051","5,315","214,529"
255,2023-07-06,Healthcare occupations (Version 1),"1,500",463,July 06 2023 14:25:05 UTC,June 19 2023 06:41:05 UTC,"July 4, 2023",353,726,"54,732",831,"4,719","20,475","16,023","12,684","56,673","11,740","12,309","10,008","10,873","11,743","63,679","33,051","5,315","214,529"
254,2023-07-05,STEM occupations (Version 1),500,486,July 05 2023 13:38:22 UTC,November 23 2022 00:01:29 UTC,"July 4, 2023",353,726,"54,732",831,"4,719","20,475","16,023","12,684","56,673","11,740","12,309","10,008","10,873","11,743","63,679","33,051","5,315","214,529"
253,2023-07-04,No Program Specified,700,511,July 04 2023 14:23:38 UTC,July 01 2023 09:31:32 UTC,"July 4, 2023",353,726,"54,732",831,"4,719","20,475","16,023","12,684","56,673","11,740","12,309","10,008","10,873","11,743","63,679","33,051","5,315","214,529"
252,2023-06-28,Healthcare occupations (Version 1),500,476,June 28 2023 14:04:34 UTC,November 12 2022 12:47:27 UTC,"June 28, 2023","1,254","1,258","55,991","1,040","4,856","20,980","16,226","12,889","57,269","11,893","12,404","10,077","10,978","11,917","64,936","33,866","5,429","220,003"
251,2023-06-27,No Program Specified,"4,300",486,June 27 2023 15:37:46 UTC,June 21 2023 00:57:04 UTC,"June 27, 2023","1,254","1,258","55,991","1,040","4,856","20,980","16,226","12,889","57,269","11,893","12,404","10,077","10,978","11,917","64,936","33,866","5,429","220,003"
250,2023-06-08,No Program Specified,"4,800",486,June 08 2023 12:08:58 UTC,May 19 2023 14:04:00 UTC,"June 8, 2023",768,"1,092","56,653","1,096","4,925","21,083","16,472","13,077","58,274","12,082","12,585","10,371","11,202","12,034","65,791","34,208","5,380","222,166"
249,2023-05-24,No Program Specified,"4,800",488,May 24 2023 14:23:06 UTC,December 26 2022 01:12:48 UTC,"May 24, 2023",642,"1,896","57,405","1,814","4,225","21,351","16,753","13,262","59,015","12,257","12,803","10,397","11,400","12,158","67,331","35,098","5,455","226,842"
248,2023-05-10,Provincial Nominee Program,589,691,May 10 2023 14:06:47 UTC,March 08 2023 16:42:17 UTC,"May 10, 2023",535,992,"55,439","1,094","3,050","21,189","16,740","13,366","59,827","12,443","12,921","10,578","11,527","12,358","67,883","35,242","5,470","225,388"
247,2023-04-26,No Program Specified,"3,500",483,April 262023 18:10:04 UTC,April 22 2023 19:46:58 UTC,"April 26, 2023",604,884,"55,867",680,"3,001","21,544","17,111","13,351","61,108","12,691","13,187","10,674","11,846","12,710","69,709","36,432","5,585","230,189"
246,2023-04-12,No Program Specified,"3,500",486,April 12 2023 14:12:15 UTC,July 19 2022 11:05:24 UTC,"April 12, 2023",501,"1,180","56,092","1,284","2,871","21,344","17,139","13,454","61,379","12,772","13,228","10,766","11,864","12,749","69,975","36,419","5,573","231,119"
245,2023-03-29,No Program Specified,"7,000",481,March 29 2023 13:44:01 UTC,February 14 2023 07:35:00 UTC,"March 29, 2023",261,468,"58,698",374,"6,859","21,051","16,996","13,418","61,381","12,752","13,291","10,709","11,917","12,712","71,304","37,124","5,711","234,947"
244,2023-03-23,No Program Specified,"7,000",484,March 232023 12:27:59 UTC,May 192022 06:48:41 UTC,"March 22, 2023",310,534,"63,666",444,"12,001","20,955","16,863","13,403","61,323","12,720","13,300","10,696","11,925","12,682","71,424","37,208","5,681","240,146"
243,2023-03-15,No Program Specified,"7,000",490,March 15 2023 17:08:16 UTC,February 16 2023 10:33:06 UTC,"March 15, 2023",784,"3,216","65,826","2,603","12,183","20,833","16,836","13,371","61,240","12,672","13,334","10,697","11,833","12,704","71,292","37,113","5,650","245,121"
242,2023-03-01,Provincial Nominee Program,667,748,March 01 2023 17:24:39 UTC,December 12 2022 10:48:12 UTC,"March 1, 2023",606,"2,129","65,187","1,756","12,126","20,813","17,042","13,450","61,086","12,679","13,300","10,680","11,785","12,642","71,529","37,131","5,706","243,374"
241,2023-02-15,Provincial Nominee Program,699,791,February 15 2023 16:13:27 UTC,February 08 2023 18:09:01 UTC,"February 15, 2023",725,"1,415","64,315","1,226","11,895","20,701","17,058","13,435","60,559","12,610","13,230","10,529","11,680","12,510","70,932","36,722","5,596","240,264"
240,2023-02-02,Federal Skilled Worker,"3,300",489,February 02 2023 15:12:01 UTC,March 29 2022 16:09:00 UTC,"February 1, 2023",937,"1,553","64,382","1,353","12,360","20,467","16,991","13,211","59,921","12,481","13,086","10,289","11,548","12,517","70,484","36,636","5,502","239,415"
239,2023-02-01,Provincial Nominee Program,893,733,February 01 2023 16:05:57 UTC,December 09 2022 10:49:57 UTC,"February 1, 2023",937,"1,553","64,382","1,353","12,360","20,467","16,991","13,211","59,921","12,481","13,086","10,289","11,548","12,517","70,484","36,636","5,502","239,415"
238,2023-01-18,No Program Specified,"5,500",490,January 18 2023 16:13:57 UTC,November 24 2022 21:14:59 UTC,"January 18, 2023",614,"1,918","65,296","3,384","11,848","20,106","16,854","13,104","59,491","12,416","13,010","10,159","11,444","12,462","70,421","36,754","5,519","240,013"
237,2023-01-11,No Program Specified,"5,500",507,January 11 2023 16:14:19 UTC,December 06 2022 11:00:07 UTC,"January 11, 2023","2,995","3,897","64,866","3,141","11,783","20,030","16,802","13,110","59,277","12,354","12,928","10,152","11,394","12,449","70,204","36,547","5,469","243,255"
236,2022-11-23,No Program Specified,"4,750",491,November 23 2022 15:42:46 UTC,October 13 2022 11:22:17 UTC,"November 22, 2022",876,"1,227","62,400","3,031","10,517","19,494","16,523","12,835","58,357","12,228","12,823","9,896","11,209","12,201","68,489","35,614","5,252","232,215"
235,2022-11-09,No Program Specified,"4,750",494,November 09 2022 14:21:26 UTC,June 06 2022 20:48:23 UTC,"November 7, 2022",958,"1,206","63,525","4,366","10,270","19,388","16,633","12,868","58,522","12,320","12,856","9,871","11,194","12,281","68,711","35,610","5,087","233,619"
234,2022-10-26,No Program Specified,"4,750",496,October 26 2022 13:05:36 UTC,May 09 2022 09:04:20 UTC,"October 24, 2022",762,937,"64,829","6,226","9,956","19,241","16,539","12,867","58,249","12,268","12,775","9,789","11,223","12,194","69,192","35,904","5,108","234,981"
233,2022-10-12,No Program Specified,"4,250",500,October 12 2022 14:13:11 UTC,October 10 2022 17:10:53 UTC,"October 10, 2022",601,"2,785","64,536","6,384","9,784","19,163","16,396","12,809","57,962","12,236","12,629","9,777","11,204","12,116","68,680","35,501","5,055","235,120"
232,2022-09-28,No Program Specified,"3,750",504,September 28 2022 13:52:35 UTC,May 02 2022 17:17:32 UTC,"September 26, 2022",479,"4,411","64,097","5,985","9,572","19,151","16,562","12,827","58,143","12,259","12,673","9,802","11,209","12,200","69,175","36,006","5,112","237,423"
231,2022-09-14,No Program Specified,"3,250",510,September 14 2022 13:29:26 UTC,January 08 2022 10:24:52 UTC,"September 12, 2022",408,"6,228","63,860","5,845","9,505","19,156","16,541","12,813","58,019","12,245","12,635","9,767","11,186","12,186","68,857","35,833","5,068","238,273"
230,2022-08-31,No Program Specified,"2,750",516,August 31 2022 13:55:23 UTC,April 16 2022 18:24:41 UTC,"August 29, 2022",466,"7,224","63,270","5,554","9,242","19,033","16,476","12,965","58,141","12,287","12,758","9,796","11,105","12,195","68,974","36,001","5,120","239,196"
229,2022-08-17,No Program Specified,"2,250",525,August 17 2022 13:43:47 UTC,December 28 2021 11:03:15 UTC,"August 15, 2022",538,"8,221","62,753","5,435","9,129","18,831","16,465","12,893","58,113","12,200","12,721","9,801","11,138","12,253","68,440","35,745","5,137","238,947"
228,2022-08-03,No Program Specified,"2,000",533,August 03 2022 15:16:24 UTC,January 06 2022 14:29:50 UTC,"August 2, 2022",640,"8,975","62,330","5,343","9,044","18,747","16,413","12,783","57,987","12,101","12,705","9,747","11,117","12,317","68,325","35,522","5,145","238,924"
227,2022-07-20,No Program Specified,"1,750",542,July 20 2022 16:32:49 UTC,December 30 2021 15:29:35 UTC,"July 18, 2022",0,0,0,0,0,0,0,0,0,0,0,0,0,0,0,0,0,0
226,2022-07-06,No Program Specified,"1,500",557,July 6 2022 14:34:34 UTC,November 13 2021 02:20:46 UTC,"July 11, 2022",0,0,0,0,0,0,0,0,0,0,0,0,0,0,0,0,0,0
225,2022-06-22,Provincial Nominee Program,636,752,June 22 2022 14:13:57 UTC,April 19 2022 13:45:45 UTC,"June 20, 2022",664,"8,017","55,917","4,246","7,845","16,969","15,123","11,734","53,094","10,951","11,621","8,800","10,325","11,397","64,478","33,585","4,919","220,674"
224,2022-06-08,Provincial Nominee Program,932,796,June 08 2022 14:03:28 UTC,October 18 2021 17:13:17 UTC,"June 6, 2022",0,0,0,0,0,0,0,0,0,0,0,0,0,0,0,0,0,0
223,2022-05-25,Provincial Nominee Program,590,741,May 25 2022 13:21:23 UTC,February 02 2022 12:29:53 UTC,"May 23, 2022",0,0,0,0,0,0,0,0,0,0,0,0,0,0,0,0,0,0
222,2022-05-11,Provincial Nominee Program,545,753,May 11 2022 14:08:07 UTC,December 15 2021 20:32:57 UTC,"May 9, 2022",635,"7,193","52,684","3,749","7,237","16,027","14,466","11,205","50,811","10,484","11,030","8,393","9,945","10,959","62,341","32,590","4,839","211,093"
221,2022-04-27,Provincial Nominee Program,829,772,April 27 2022 16:04:21 UTC,March 24 2022 8:00:50 UTC,"April 27, 2022",747,"6,577","50,330","3,498","6,826","15,382","13,851","10,773","49,092","10,117","10,685","8,012","9,615","10,663","60,456","31,705","4,866","203,773"
220,2022-04-13,Provincial Nominee Program,787,782,April 13 2022 14:13:01 UTC,April 07 2022 16:31:21 UTC,"April 11, 2022",810,"6,391","49,555","3,406","6,677","15,298","13,584","10,590","48,609","10,034","10,576","7,877","9,555","10,567","59,500","31,148","4,911","200,924"
219,2022-03-30,Provincial Nominee Program,919,785,March 30 2022 15:41:09 UTC,November 15 2021 20:23:16 UTC,"March 28, 2022",810,"6,391","49,555","3,406","6,677","15,298","13,584","10,590","48,609","10,034","10,576","7,877","9,555","10,567","59,500","31,148","4,911","200,924"
218,2022-03-16,Provincial Nominee Program,924,754,March 16 2022 14:59:09 UTC,February 10 2022 14:35:27 UTC,"March 14, 2022",948,"5,840","48,027","3,130","6,357","14,853","13,333","10,354","47,569","9,796","10,293","7,701","9,319","10,460","58,456","30,768","5,084","196,692"
217,2022-03-02,Provincial Nominee Program,"1,047",761,March 02 2022 14:05:52 UTC,January 05 2022 14:22:03 UTC,"February 28, 2022",873,"5,563","47,599","2,989","6,310","14,759","13,218","10,323","47,276","9,736","10,207","7,633","9,240","10,460","58,253","31,018","5,313","195,895"
216,2022-02-16,Provincial Nominee Program,"1,082",710,February 16 2022 14:36:05 UTC,October 07 2021 11:36:55 UTC,"February 15, 2022","1,099","5,440","47,721","2,921","6,289","14,775","13,273","10,463","47,509","9,715","10,229","7,675","9,292","10,598","59,011","31,545","5,736","198,061"
215,2022-02-02,Provincial Nominee Program,"1,070",674,February 02 2022 14:16:27 UTC,February 18 2021 05:05:15 UTC,"January 31, 2022",983,"5,201","47,441","2,811","6,205","14,847","13,132","10,446","47,428","9,753","10,165","7,697","9,199","10,614","59,039","31,734","5,834","197,660"
214,2022-01-19,Provincial Nominee Program,"1,036",745,January 19 2022 14:39:22 UTC,July 05 2021 13:12:05 UTC,"January 17, 2022",899,"5,106","47,202","2,738","6,192","14,828","13,010","10,434","47,283","9,650","10,225","7,687","9,139","10,582","58,692","31,704","5,799","196,685"
213,2022-01-05,Provincial Nominee Program,392,808,January 05 2022 15:50:48 UTC,March 04 2021 16:57:50 UTC,"January 5, 2022",0,0,0,0,0,0,0,0,0,0,0,0,0,0,0,0,0,0
212,2021-12-22,Provincial Nominee Program,746,720,December 22 2021 16:27:24 UTC,November 24 2021 16:56:42 UTC,"December 22, 2021",0,0,0,0,0,0,0,0,0,0,0,0,0,0,0,0,0,0
211,2021-12-10,Provincial Nominee Program,"1,032",698,December 10 2021 13:53:48 UTC,September 10 2021 16:43:17 UTC,"December 10, 2021",0,0,0,0,0,0,0,0,0,0,0,0,0,0,0,0,0,0
210,2021-11-24,Provincial Nominee Program,613,737,November 24 2021 14:01:44 UTC,June 22 2021 20:19:59 UTC,"November 24, 2021",0,0,0,0,0,0,0,0,0,0,0,0,0,0,0,0,0,0
209,2021-11-10,Provincial Nominee Program,775,685,November 10 2021 17:02:21 UTC,August 12 2021 20:05:46 UTC,"November 10, 2021",0,0,0,0,0,0,0,0,0,0,0,0,0,0,0,0,0,0
208,2021-10-27,Provincial Nominee Program,681,744,October 27 2021 13:32:26 UTC,October 7 16:38:21 UTC,"October 27, 2021",0,0,0,0,0,0,0,0,0,0,0,0,0,0,0,0,0,0
207,2021-10-13,Provincial Nominee Program,681,720,October 13 2021 13:13:38 UTC,March 16 2021 07:53:28 UTC,"October 13, 2021",0,0,0,0,0,0,0,0,0,0,0,0,0,0,0,0,0,0
206,2021-09-29,Provincial Nominee Program,761,742,September 29 2021 13:17:49 UTC,July 29 2021 09:45:29 UTC,"September 29, 2021",0,0,0,0,0,0,0,0,0,0,0,0,0,0,0,0,0,0
205,2021-09-15,Provincial Nominee Program,521,732,September 15 2021 14:59:17 UTC,February 24 2021 10:46:54 UTC,"September 15, 2021",0,0,0,0,0,0,0,0,0,0,0,0,0,0,0,0,0,0
204,2021-09-14,Canadian Experience Class,"2,000",462,September 14 2021 13:06:02 UTC,September 11 2021 10:55:43 UTC,"September 14, 2021",0,0,0,0,0,0,0,0,0,0,0,0,0,0,0,0,0,0
203,2021-09-01,Provincial Nominee Program,635,764,September 01 2021 13:34:47 UTC,April 12 2021 12:21:45 UTC,"September 1, 2021",0,0,0,0,0,0,0,0,0,0,0,0,0,0,0,0,0,0
202,2021-08-19,Canadian Experience Class,"3,000",403,August 19 2021 13:25:22 UTC,August 01 2021 10:13:57 UTC,"August 19, 2021",0,0,0,0,0,0,0,0,0,0,0,0,0,0,0,0,0,0
201,2021-08-18,Provincial Nominee Program,463,751,August 18 2021 14:10:39 UTC,April 13 2021 16:29:29 UTC,"August 18, 2021",0,0,0,0,0,0,0,0,0,0,0,0,0,0,0,0,0,0
200,2021-08-05,Canadian Experience Class,"3,000",404,August 5 2021 13:11:37 UTC,August 3 2021 05:39:26 UTC,"August 5, 2021",0,0,0,0,0,0,0,0,0,0,0,0,0,0,0,0,0,0
199,2021-08-04,Provincial Nominee Program,512,760,August 4 2021 13:33:36 UTC,March 5 2021 22:38:31 UTC,"August 4, 2021",0,0,0,0,0,0,0,0,0,0,0,0,0,0,0,0,0,0
198,2021-07-22,Canadian Experience Class,"4,500",357,July 22 2021 14:02:32 UTC,February 14 2021 09:04:15 UTC,"July 22, 2021",0,0,0,0,0,0,0,0,0,0,0,0,0,0,0,0,0,0
197,2021-07-21,Provincial Nominee Program,462,734,July 21 2021 13:01:45 UTC,April 11 2021 10:56:32 UTC,"July 21, 2021",0,0,0,0,0,0,0,0,0,0,0,0,0,0,0,0,0,0
196,2021-07-08,Canadian Experience Class,"4,500",369,July 08 2021 14:02:45 UTC,June 10 2021 22:46:37 UTC,"July 8, 2021",0,0,0,0,0,0,0,0,0,0,0,0,0,0,0,0,0,0
195,2021-07-07,Provincial Nominee Program,627,760,July 7 2021 13:17:37 UTC,June 14 2021 07:44:05 UTC,"July 7, 2021",0,0,0,0,0,0,0,0,0,0,0,0,0,0,0,0,0,0
194,2021-06-24,Canadian Experience Class,"6,000",357,June 24 2021 14:39:59 UTC,February 17 2021 10:15:50 UTC,"June 24, 2021",0,0,0,0,0,0,0,0,0,0,0,0,0,0,0,0,0,0
193,2021-06-23,Provincial Nominee Program,"1,002",742,June 23 2021 15:41:38 UTC,February 18 2021 04:04:56 UTC,"June 23, 2021",0,0,0,0,0,0,0,0,0,0,0,0,0,0,0,0,0,0
192,2021-06-10,Canadian Experience Class,"6,000",368,June 10 2021 12:29:11 UTC,April 28 2021 05:45:14 UTC,"June 10, 2021",0,0,0,0,0,0,0,0,0,0,0,0,0,0,0,0,0,0
191,2021-06-09,Provincial Nominee Program,940,711,June 09 2021 13:16:30 UTC,February 16 2021 09:06:30 UTC,"June 9, 2021",0,0,0,0,0,0,0,0,0,0,0,0,0,0,0,0,0,0
190,2021-05-31,Canadian Experience Class,"5,956",380,May 31 2021 13:19:23 UTC,May 28 2021 14:45:22 UTC,"May 31, 2021",0,0,0,0,0,0,0,0,0,0,0,0,0,0,0,0,0,0
189,2021-05-26,Provincial Nominee Program,500,713,May 26 2021 10:41:44 UTC,April 06 2021 09:50:14 UTC,"May 26, 2021",0,0,0,0,0,0,0,0,0,0,0,0,0,0,0,0,0,0
188,2021-05-20,Canadian Experience Class,"1,842",397,May 20 2021 10:10:54 UTC,April 24 2021 12:09:24 UTC,"May 20, 2021",0,0,0,0,0,0,0,0,0,0,0,0,0,0,0,0,0,0
187,2021-05-13,Canadian Experience Class,"4,147",401,May 13 2021 16:50:04 UTC,April 29 2021 11:48:14 UTC,"May 13, 2021",0,0,0,0,0,0,0,0,0,0,0,0,0,0,0,0,0,0
186,2021-05-12,Provincial Nominee Program,557,752,May 12 2021 10:28:53 UTC,April 29 2021 10:18:12 UTC,"May 12, 2021",0,0,0,0,0,0,0,0,0,0,0,0,0,0,0,0,0,0
185,2021-04-29,Canadian Experience Class,"6,000",400,April 29 2021 10:34:05 UTC,April 24 2021 15:24:49 UTC,"April 29, 2021",0,0,0,0,0,0,0,0,0,0,0,0,0,0,0,0,0,0
184,2021-04-28,Provincial Nominee Program,381,717,April 28 2021 11:00:02 UTC,March 16 2021 21:20:50 UTC,"April 28, 2021",0,0,0,0,0,0,0,0,0,0,0,0,0,0,0,0,0,0
183,2021-04-16,Canadian Experience Class,"6,000",417,April 16 2021 21:35:52 UTC,March 01 2021 19:53:46 UTC,"April 16, 2021",0,0,0,0,0,0,0,0,0,0,0,0,0,0,0,0,0,0
182,2021-04-14,Provincial Nominee Program,266,753,April 14 2021 11:01:51 UTC,March 01 2021 15:22:18 UTC,"April 14, 2021",0,0,0,0,0,0,0,0,0,0,0,0,0,0,0,0,0,0
181,2021-04-01,Canadian Experience Class,"5,000",432,April 1 2021 11:04:53 UTC,February 16 2021 09:51:22 UTC,"April 1, 2021",0,0,0,0,0,0,0,0,0,0,0,0,0,0,0,0,0,0
180,2021-03-31,Provincial Nominee Program,284,778,March 31 2021 11:21:22 UTC,March 16 2021 16:09:32 UTC,"March 31, 2021",0,0,0,0,0,0,0,0,0,0,0,0,0,0,0,0,0,0
179,2021-03-18,Canadian Experience Class,"5,000",449,March 18 2021 11:30:56 UTC,February 19 2021 15:59:57 UTC,"March 18, 2021",0,0,0,0,0,0,0,0,0,0,0,0,0,0,0,0,0,0
178,2021-03-17,Provincial Nominee Program,183,682,March 17 2021 11:49:48 UTC,March 04 2021 16:56:20 UTC,"March 17, 2021",0,0,0,0,0,0,0,0,0,0,0,0,0,0,0,0,0,0
177,2021-03-08,Provincial Nominee Program,671,739,March 08 2021 13:53:21 UTC,February 16 2021 19:10:25 UTC,"March 8, 2021",0,0,0,0,0,0,0,0,0,0,0,0,0,0,0,0,0,0
176,2021-02-13,Canadian Experience Class,"27,332",75,February 13 2021 11:56:56 UTC,September 12 2020 15:31:40 UTC,"February 13, 2021",0,0,0,0,0,0,0,0,0,0,0,0,0,0,0,0,0,0
175,2021-02-10,Provincial Nominee Program,654,720,February 10 2021 14:31:18 UTC,August 14 2020 06:51:00 UTC,"February 10, 2021",0,0,0,0,0,0,0,0,0,0,0,0,0,0,0,0,0,0
174,2021-01-21,Canadian Experience Class,"4,626",454,January 21 2021 14:22:20 UTC,July 23 2020 17:32:00 UTC,"January 21, 2021",0,0,0,0,0,0,0,0,0,0,0,0,0,0,0,0,0,0
173,2021-01-20,Provincial Nominee Program,374,741,January 20 2021 14:13:12 UTC,September 5 2020 19:39:04 UTC,"January 20, 2021",0,0,0,0,0,0,0,0,0,0,0,0,0,0,0,0,0,0
172,2021-01-07,Canadian Experience Class,"4,750",461,January 7 2021 14:15:32 UTC,September 12 2020 20:46:32 UTC,"January 7, 2021",0,0,0,0,0,0,0,0,0,0,0,0,0,0,0,0,0,0
171,2021-01-06,Provincial Nominee Program,250,813,January 6 2021 14:39:02 UTC,November 2 2020 11:11:52 UTC,"January 6, 2021",0,0,0,0,0,0,0,0,0,0,0,0,0,0,0,0,0,0
170,2020-12-23,No Program Specified,"5,000",468,December 23 2020 14:40:08 UTC,June 4 2020 13:39:44 UTC,"December 23, 2020",0,0,0,0,0,0,0,0,0,0,0,0,0,0,0,0,0,0
169,2020-12-09,No Program Specified,"5,000",469,December 9 2020 14:30:47 UTC,June 4 2020 22:26:05 UTC,"December 9, 2020",0,0,0,0,0,0,0,0,0,0,0,0,0,0,0,0,0,0
168,2020-11-25,No Program Specified,"5,000",469,November 25 2020 13:04:56 UTC,October 15 2020 08:50:10 UTC,"November 25, 2020",0,0,0,0,0,0,0,0,0,0,0,0,0,0,0,0,0,0
167,2020-11-18,No Program Specified,"5,000",472,November 18 2020 15:27:32 UTC,October 27 2020 06:18:11 UTC,"November 18, 2020",0,0,0,0,0,0,0,0,0,0,0,0,0,0,0,0,0,0
166,2020-11-05,No Program Specified,"4,500",478,November 5 2020 12:17:58 UTC,October 26 2020 22:44:19 UTC,"November 5, 2020",0,0,0,0,0,0,0,0,0,0,0,0,0,0,0,0,0,0
165,2020-10-14,No Program Specified,"4,500",471,October 14 2020 13:03:22 UTC,September 1 2020 12:11:23 UTC,"October 14, 2020",0,0,0,0,0,0,0,0,0,0,0,0,0,0,0,0,0,0
164,2020-09-30,No Program Specified,"4,200",471,September 30 2020 12:37:25 UTC,March 2 2020 12:47:08 UTC,"September 30, 2020",0,0,0,0,0,0,0,0,0,0,0,0,0,0,0,0,0,0
163,2020-09-16,No Program Specified,"4,200",472,September 16 2020 07:25:09 UTC,March 09 2020 13:03:40 UTC,"September 16, 2020",0,0,0,0,0,0,0,0,0,0,0,0,0,0,0,0,0,0
162,2020-09-02,No Program Specified,"4,200",475,September 2 2020 14:17:32 UTC,August 16 2020 01:22:18 UTC,"September 2, 2020",0,0,0,0,0,0,0,0,0,0,0,0,0,0,0,0,0,0
161,2020-08-20,Canadian Experience Class,"3,300",454,August 20 2020 11:10:05 UTC,July 27 2020 17:05:11 UTC,"August 20, 2020",0,0,0,0,0,0,0,0,0,0,0,0,0,0,0,0,0,0
160,2020-08-19,Provincial Nominee Program,600,771,August 19 2020 12:41:09 UTC,July 24 2020 11:39:23 UTC,"August 19, 2020",0,0,0,0,0,0,0,0,0,0,0,0,0,0,0,0,0,0
159,2020-08-06,Federal Skilled Trades,250,415,August 6 2020 13:46:53 UTC,June 2 2020 09:35:31 UTC,"August 6, 2020",0,0,0,0,0,0,0,0,0,0,0,0,0,0,0,0,0,0
158,2020-08-05,No Program Specified,"3,900",476,August 5 2020 13:10:05 UTC,July 27 2020 01:02:47 UTC,"August 5, 2020",0,0,0,0,0,0,0,0,0,0,0,0,0,0,0,0,0,0
157,2020-07-23,Canadian Experience Class,"3,343",445,July 23 2020 12:24:39 UTC,July 12 2020 15:16:55 UTC,"July 23, 2020",0,0,0,0,0,0,0,0,0,0,0,0,0,0,0,0,0,0
156,2020-07-22,Provincial Nominee Program,557,687,July 22 2020 12:15:22 UTC,November 11 2019 08:51:21 UTC,"July 22, 2020",0,0,0,0,0,0,0,0,0,0,0,0,0,0,0,0,0,0
155,2020-07-08,No Program Specified,"3,900",478,July 8 2020 13:08:41 UTC,February 11 2020 03:17:13 UTC,"July 8, 2020",0,0,0,0,0,0,0,0,0,0,0,0,0,0,0,0,0,0
154,2020-06-25,Canadian Experience Class,"3,508",431,June 25 2020 11:29:27 UTC,April 3 2020 12:56:32 UTC,"June 25, 2020",0,0,0,0,0,0,0,0,0,0,0,0,0,0,0,0,0,0
153,2020-06-24,Provincial Nominee Program,392,696,June 24 2020 11:24:10 UTC,April 23 2020 10:39:30 UTC,"June 24, 2020",0,0,0,0,0,0,0,0,0,0,0,0,0,0,0,0,0,0
152,2020-06-11,Canadian Experience Class,"3,559",437,June 11 2020 13:33:58 UTC,May 25 2020 00:31:43 UTC,"June 11, 2020",0,0,0,0,0,0,0,0,0,0,0,0,0,0,0,0,0,0
151,2020-06-10,Provincial Nominee Program,341,743,June 10 2020 13:49:43 UTC,April 14 2020 13:25:51 UTC,"June 10, 2020",0,0,0,0,0,0,0,0,0,0,0,0,0,0,0,0,0,0
150,2020-05-28,Canadian Experience Class,"3,515",440,May 28 2020 11:35:51 UTC,March 7 2020 10:36:59 UTC,"May 28, 2020",0,0,0,0,0,0,0,0,0,0,0,0,0,0,0,0,0,0
149,2020-05-27,Provincial Nominee Program,385,757,May 27 2020 11:37:30 UTC,April 27 2020 10:19:01 UTC,"May 27, 2020",0,0,0,0,0,0,0,0,0,0,0,0,0,0,0,0,0,0
148,2020-05-14,Canadian Experience Class,"3,371",447,May 15 2020 12:46:53 UTC,December 23 2019 10:01:06 UTC,"May 14, 2020",0,0,0,0,0,0,0,0,0,0,0,0,0,0,0,0,0,0
147,2020-05-13,Provincial Nominee Program,529,718,May 13 2020 13:11:44 UTC,March 19 2020 12:53:21 UTC,"May 13, 2020",0,0,0,0,0,0,0,0,0,0,0,0,0,0,0,0,0,0
146,2020-04-30,Canadian Experience Class,"3,311",452,May 1 2020 11:33:47 UTC,October 10 2019 19:15:28 UTC,"April 30, 2020",0,0,0,0,0,0,0,0,0,0,0,0,0,0,0,0,0,0
145,2020-04-29,Provincial Nominee Program,589,692,April 29 2020 11:17:20 UTC,March 11 2020 13:46:21 UTC,"April 29, 2020",0,0,0,0,0,0,0,0,0,0,0,0,0,0,0,0,0,0
144,2020-04-16,Canadian Experience Class,"3,782",455,April 16 2020 15:20:02 UTC,January 20 2020 17:37:33 UTC,"April 16, 2020",0,0,0,0,0,0,0,0,0,0,0,0,0,0,0,0,0,0
143,2020-04-15,Provincial Nominee Program,118,808,April 15 2020 14:31:00 UTC,March 18 2020 10:30:55 UTC,"April 15, 2020",0,0,0,0,0,0,0,0,0,0,0,0,0,0,0,0,0,0
142,2020-04-09,Canadian Experience Class,"3,294",464,April 9 2020 17:36:14 UTC,January 4 2020 12:16:45 UTC,"April 9, 2020",0,0,0,0,0,0,0,0,0,0,0,0,0,0,0,0,0,0
141,2020-04-09,Provincial Nominee Program,606,698,April 9 2020 14:14:53 UTC,December 18 2019 11:29:51 UTC,"April 9, 2020",0,0,0,0,0,0,0,0,0,0,0,0,0,0,0,0,0,0
140,2020-03-23,Canadian Experience Class,"3,232",467,March 23 2020 16:12:27 UTC,November 25 2019 14:00:35 UTC,"March 23, 2020",0,0,0,0,0,0,0,0,0,0,0,0,0,0,0,0,0,0
139,2020-03-18,Provincial Nominee Program,668,720,March 19 2020 02:04:06 UTC,March 19 2020 02:04:06 UTC,"March 18, 2020",0,0,0,0,0,0,0,0,0,0,0,0,0,0,0,0,0,0
138,2020-03-04,No Program Specified,"3,900",471,March 4 2020 13:44:16 UTC,February 24 2020 06:02:57 UTC,"March 4, 2020",0,0,0,0,0,0,0,0,0,0,0,0,0,0,0,0,0,0
137,2020-02-19,No Program Specified,"4,500",470,February 19 2020 13:19:54 UTC,January 13 2020 10:52:52 UTC,"February 19, 2020",0,0,0,0,0,0,0,0,0,0,0,0,0,0,0,0,0,0
136,2020-02-05,No Program Specified,"3,500",472,February 5 2020 13:11:46 UTC,January 30 2020 07:36:26 UTC,"February 5, 2020",0,0,0,0,0,0,0,0,0,0,0,0,0,0,0,0,0,0
135,2020-01-22,No Program Specified,"3,400",471,January 22 2020 13:35:06 UTC,May 9 2019 01:16:02 UTC,"January 22, 2020",0,0,0,0,0,0,0,0,0,0,0,0,0,0,0,0,0,0
134,2020-01-08,No Program Specified,"3,400",473,January 8 2020 13:33:44 UTC,December 27 2019 13:35:09 UTC,"January 8, 2020",0,0,0,0,0,0,0,0,0,0,0,0,0,0,0,0,0,0
133,2019-12-19,No Program Specified,"3,200",469,December 19 2019 13:21:53 UTC,November 14 2019 08:41:33 UTC,"December 19, 2019",0,0,0,0,0,0,0,0,0,0,0,0,0,0,0,0,0,0
132,2019-12-11,No Program Specified,"3,200",472,December 11 2019 13:26:03 UTC,December 6 2019 03:03:49 UTC,"December 11, 2019",0,0,0,0,0,0,0,0,0,0,0,0,0,0,0,0,0,0
131,2019-11-27,No Program Specified,"3,600",471,November 27 2019 12:44:41 UTC,November 11 2019 6:29:10 UTC,"November 27, 2019",0,0,0,0,0,0,0,0,0,0,0,0,0,0,0,0,0,0
130,2019-11-13,No Program Specified,"3,600",472,November 13 2019 12:40:01 UTC,October 8 2019 10:46:01 UTC,"November 13, 2019",0,0,0,0,0,0,0,0,0,0,0,0,0,0,0,0,0,0
129,2019-10-30,No Program Specified,"3,900",475,October 30 2019 12:50:09 UTC,August 29 2019 03:50:24 UTC,"October 30, 2019",0,0,0,0,0,0,0,0,0,0,0,0,0,0,0,0,0,0
128,2019-10-16,Federal Skilled Trades,500,357,October 16 2019 12:56:58 UTC,March 4 2019 20:36:42 UTC,"October 16, 2019",0,0,0,0,0,0,0,0,0,0,0,0,0,0,0,0,0,0
127,2019-10-02,No Program Specified,"3,900",464,October 2 2019 12:16:25 UTC,September 20 2019 15:05:04 UTC,"October 2, 2019",0,0,0,0,0,0,0,0,0,0,0,0,0,0,0,0,0,0
126,2019-09-18,No Program Specified,"3,600",462,September 18 2019 17:52:51 UTC,August 29 2019 07:57:13 UTC,"September 18, 2019",0,0,0,0,0,0,0,0,0,0,0,0,0,0,0,0,0,0
125,2019-09-04,No Program Specified,"3,600",463,September 4 2019 13:36:34 UTC,August 23 2019 13:33:34 UTC,"September 4, 2019",0,0,0,0,0,0,0,0,0,0,0,0,0,0,0,0,0,0
124,2019-08-20,No Program Specified,"3,600",457,August 20 2019 11:51:30 UTC,March 24 2019 15:32:42 UTC,"August 20, 2019",0,0,0,0,0,0,0,0,0,0,0,0,0,0,0,0,0,0
123,2019-08-12,No Program Specified,"3,600",466,August 12 2019 12:36:51 UTC,August 6 2019 12:14:53 UTC,"August 12, 2019",0,0,0,0,0,0,0,0,0,0,0,0,0,0,0,0,0,0
122,2019-07-24,No Program Specified,"3,600",459,July 24 2019 12:55:38 UTC,May 25 2019 14:40:52 UTC,"July 24, 2019",0,0,0,0,0,0,0,0,0,0,0,0,0,0,0,0,0,0
121,2019-07-10,No Program Specified,"3,600",460,July 10 2019 12:31:36 UTC,June 11 2019 00:27:18 UTC,"July 10, 2019",0,0,0,0,0,0,0,0,0,0,0,0,0,0,0,0,0,0
120,2019-06-26,No Program Specified,"3,350",462,June 26 2019 12:30:54 UTC,May 11 2019 17:40:54 UTC,"June 26, 2019",0,0,0,0,0,0,0,0,0,0,0,0,0,0,0,0,0,0
119,2019-06-12,No Program Specified,"3,350",465,June 12 2019 11:59:22 UTC,June 6 2019 13:51:59 UTC,"June 12, 2019",0,0,0,0,0,0,0,0,0,0,0,0,0,0,0,0,0,0
118,2019-05-29,No Program Specified,"3,350",470,May 29 2019 12:09:37 UTC,May 23 2019 10:18:56 UTC,"May 29, 2019",0,0,0,0,0,0,0,0,0,0,0,0,0,0,0,0,0,0
117,2019-05-15,Federal Skilled Trades,500,332,May 15 2019 11:23:38 UTC,August 29 2018 8:32:03 UTC,"May 15, 2019",0,0,0,0,0,0,0,0,0,0,0,0,0,0,0,0,0,0
116,2019-05-01,No Program Specified,"3,350",450,May 1 2019 12:03:02 UTC,November 5 2018 12:27:07 UTC,"May 1, 2019",0,0,0,0,0,0,0,0,0,0,0,0,0,0,0,0,0,0
115,2019-04-17,No Program Specified,"3,350",451,April 17 2019 15:26:33 UTC,April 2 2019 15:01:49 UTC,"April 17, 2019",0,0,0,0,0,0,0,0,0,0,0,0,0,0,0,0,0,0
114,2019-04-03,No Program Specified,"3,350",451,April 3 2019 17:37:40 UTC,January 9 2019 7:35:09 UTC,"April 3, 2019",0,0,0,0,0,0,0,0,0,0,0,0,0,0,0,0,0,0
113,2019-03-20,No Program Specified,"3,350",452,March 20 2019 11:44:52 UTC,February 7 2019 9:59:25 UTC,"March 20, 2019",0,0,0,0,0,0,0,0,0,0,0,0,0,0,0,0,0,0
112,2019-03-06,No Program Specified,"3,350",454,March 6 2019 14:56:03 UTC,February 11 2019 17:21:27 UTC,"March 6, 2019",0,0,0,0,0,0,0,0,0,0,0,0,0,0,0,0,0,0
111,2019-02-20,No Program Specified,"3,350",457,February 20 2019 01:43:14 UTC,December 6 2018 12:38:11 UTC,"February 20, 2019",0,0,0,0,0,0,0,0,0,0,0,0,0,0,0,0,0,0
110,2019-01-30,No Program Specified,"3,350",438,January 30 2019 12:09:10 UTC,April 26 2018 05:00:46 UTC,"January 30, 2019",0,0,0,0,0,0,0,0,0,0,0,0,0,0,0,0,0,0
109,2019-01-23,No Program Specified,"3,900",443,January 23 2019 14:19:24 UTC,January 2 2019 03:55:26 UTC,"January 23, 2019",0,0,0,0,0,0,0,0,0,0,0,0,0,0,0,0,0,0
108,2019-01-09,No Program Specified,"3,900",449,January 10 2019 12:20:46 UTC,January 2 2019 11:40:53 UTC,"January 9, 2019",0,0,0,0,0,0,0,0,0,0,0,0,0,0,0,0,0,0
107,2018-12-19,No Program Specified,"3,900",439,December 19 2018 12:35:17 UTC,February 6 2018 19:31:37 UTC,"December 19, 2018",0,0,0,0,0,0,0,0,0,0,0,0,0,0,0,0,0,0
106,2018-12-12,No Program Specified,"3,900",445,December 12 2018 14:10:54 UTC,November 28 2018 09:51:43 UTC,"December 12, 2018",0,0,0,0,0,0,0,0,0,0,0,0,0,0,0,0,0,0
105,2018-11-28,No Program Specified,"3,900",445,November 28 2018 12:14:58 UTC,October 22 2018 14:40:13 UTC,"November 28, 2018",0,0,0,0,0,0,0,0,0,0,0,0,0,0,0,0,0,0
104,2018-11-14,No Program Specified,"3,900",449,November 15 2018 14:06:07 UTC,September 16 2018 12:41:42 UTC,"November 14, 2018",0,0,0,0,0,0,0,0,0,0,0,0,0,0,0,0,0,0
103,2018-10-29,No Program Specified,"3,900",442,October 29 2018 16:36:30 UTC,October 16 2018 06:09:04 UTC,"October 29, 2018",0,0,0,0,0,0,0,0,0,0,0,0,0,0,0,0,0,0
102,2018-10-15,No Program Specified,"3,900",440,October 15 2018 12:11:46 UTC,September 18 2018 11:06:29 UTC,"October 15, 2018",0,0,0,0,0,0,0,0,0,0,0,0,0,0,0,0,0,0
101,2018-10-03,No Program Specified,"3,900",445,October 3 2018 11:20:04 UTC,October 2 2018 04:02:11 UTC,"October 3, 2018",0,0,0,0,0,0,0,0,0,0,0,0,0,0,0,0,0,0
100,2018-09-24,Federal Skilled Trades,400,284,September 24 2018 05:34:21 UTC,February 18 2018 12:31:16 UTC,"September 24, 2018",0,0,0,0,0,0,0,0,0,0,0,0,0,0,0,0,0,0
99,2018-09-19,No Program Specified,"3,500",441,September 19 2018 11:29:46 UTC,September 6 2018 10:28:45 UTC,"September 19, 2018",0,0,0,0,0,0,0,0,0,0,0,0,0,0,0,0,0,0
98,2018-09-05,No Program Specified,"3,900",440,September 5 2018 13:10:19 UTC,April 29 2018 14:28:34 UTC,"September 5, 2018",0,0,0,0,0,0,0,0,0,0,0,0,0,0,0,0,0,0
97,2018-08-22,No Program Specified,"3,750",440,August 22 2018 13:19:10 UTC,February 21 2018 11:28:03 UTC,"August 22, 2018",0,0,0,0,0,0,0,0,0,0,0,0,0,0,0,0,0,0
96,2018-08-08,No Program Specified,"3,750",440,August 8 2018 11:56:30 UTC,January 31 2018 00:06:40 UTC,"August 8, 2018",0,0,0,0,0,0,0,0,0,0,0,0,0,0,0,0,0,0
95,2018-07-25,No Program Specified,"3,750",441,July 25 2018 12:43:04 UTC,December 31 2017 12:14:21 UTC,"July 25, 2018",0,0,0,0,0,0,0,0,0,0,0,0,0,0,0,0,0,0
94,2018-07-11,No Program Specified,"3,750",442,July 11 2018 12:09:46 UTC,June 26 2018 13:18:55 UTC,"July 11, 2018",0,0,0,0,0,0,0,0,0,0,0,0,0,0,0,0,0,0
93,2018-06-25,No Program Specified,"3,750",442,June 25 2018 12:11:51 UTC,January 28 2018 21:06:11 UTC,"June 25, 2018",0,0,0,0,0,0,0,0,0,0,0,0,0,0,0,0,0,0
92,2018-06-13,No Program Specified,"3,750",451,June 13 2018 11:31:36 UTC,July 21 2017 07:01:28 UTC,"June 13, 2018",0,0,0,0,0,0,0,0,0,0,0,0,0,0,0,0,0,0
91b,2018-05-30,Provincial Nominee Program,200,902,May 30 2018 14:52:06 UTC,March 23 2018 05:38:02 UTC,"May 30, 2018",0,0,0,0,0,0,0,0,0,0,0,0,0,0,0,0,0,0
91a,2018-05-30,Federal Skilled Trades,500,288,May 30 2018 14:52:06 UTC,June 7 2017 20:11:13 UTC,"May 30, 2018",0,0,0,0,0,0,0,0,0,0,0,0,0,0,0,0,0,0
90,2018-05-23,No Program Specified,"3,500",440,May 23 2018 11:20:42 UTC,December 30 2017 06:39:40 UTC,"May 23, 2018",0,0,0,0,0,0,0,0,0,0,0,0,0,0,0,0,0,0
89,2018-05-09,No Program Specified,"3,500",441,May 9 2018 12:28:41 UTC,December 12 2017 01:51:38 UTC,"May 9, 2018",0,0,0,0,0,0,0,0,0,0,0,0,0,0,0,0,0,0
88,2018-04-25,No Program Specified,"3,500",441,April 25 2018 12:40:15 UTC,December 8 2017 10:25:33 UTC,"April 25, 2018",0,0,0,0,0,0,0,0,0,0,0,0,0,0,0,0,0,0
87,2018-04-11,No Program Specified,"3,500",444,April 11 2018 12:50:17 UTC,March 26 2018 08:25:40 UTC,"April 11, 2018",0,0,0,0,0,0,0,0,0,0,0,0,0,0,0,0,0,0
86,2018-03-26,No Program Specified,"3,000",446,March 26 2018 12:00:18 UTC,February 23 2018 08:06:19 UTC,"March 26, 2018",0,0,0,0,0,0,0,0,0,0,0,0,0,0,0,0,0,0
85,2018-03-14,No Program Specified,"3,000",456,March 14 2018 12:08:58 UTC,March 3 2018 02:12:11 UTC,"March 14, 2018",0,0,0,0,0,0,0,0,0,0,0,0,0,0,0,0,0,0
84,2018-02-21,No Program Specified,"3,000",442,February 21 2018 13:29:23 UTC,February 11 2018 17:03:32 UTC,"February 21, 2018",0,0,0,0,0,0,0,0,0,0,0,0,0,0,0,0,0,0
83,2018-02-07,No Program Specified,"3,000",442,February 7 2018 16:55:01 UTC,May 29 2017 07:01:15 UTC,"February 7, 2018",0,0,0,0,0,0,0,0,0,0,0,0,0,0,0,0,0,0
82,2018-01-24,No Program Specified,"2,750",444,January 24 2018 13:38:00 UTC,January 17 2018 12:33:00 UTC,"January 24, 2018",0,0,0,0,0,0,0,0,0,0,0,0,0,0,0,0,0,0
81,2018-01-10,No Program Specified,"2,750",446,January 10 2018 12:15:38 UTC,November 18 2017 6:30:42 UTC,"January 10, 2018",0,0,0,0,0,0,0,0,0,0,0,0,0,0,0,0,0,0
80,2017-12-20,No Program Specified,"2,750",446,December 20 2017 13:29:55 UTC,October 02 2017 14:56:53 UTC,"December 20, 2017",0,0,0,0,0,0,0,0,0,0,0,0,0,0,0,0,0,0
79,2017-12-06,No Program Specified,"2,750",452,December 6 2017 14:00:00 UTC,November 16 2017 04:20:20 UTC,"December 6, 2017",0,0,0,0,0,0,0,0,0,0,0,0,0,0,0,0,0,0
78,2017-11-15,No Program Specified,"2,750",439,November 15 2017 17:54:19 UTC,October 19 2017 12:02:28 UTC,"November 15, 2017",0,0,0,0,0,0,0,0,0,0,0,0,0,0,0,0,0,0
77,2017-11-08,No Program Specified,"2,000",458,November 8 2017 13:40:54 UTC,October 23 2017 15:58:27 UTC,"November 8, 2017",0,0,0,0,0,0,0,0,0,0,0,0,0,0,0,0,0,0
76,2017-11-01,Federal Skilled Trades,505,241,November 1 2017 12:55:44 UTC,,"November 1, 2017",0,0,0,0,0,0,0,0,0,0,0,0,0,0,0,0,0,0
75,2017-11-01,Provincial Nominee Program,290,673,November 1 2017 12:55:44 UTC,,"November 1, 2017",0,0,0,0,0,0,0,0,0,0,0,0,0,0,0,0,0,0
74,2017-10-18,No Program Specified,"2,757",436,October 18 2017 11:12:41 UTC,,"October 18, 2017",0,0,0,0,0,0,0,0,0,0,0,0,0,0,0,0,0,0
73,2017-10-04,No Program Specified,"2,801",438,October 4 2017 12:22:22 UTC,,"October 4, 2017",0,0,0,0,0,0,0,0,0,0,0,0,0,0,0,0,0,0
72,2017-09-20,No Program Specified,"2,871",433,September 20 2017 12:39:23 UTC,,"September 20, 2017",0,0,0,0,0,0,0,0,0,0,0,0,0,0,0,0,0,0
71,2017-09-06,No Program Specified,"2,772",435,September 6 2017 11:08:58 UTC,,"September 6, 2017",0,0,0,0,0,0,0,0,0,0,0,0,0,0,0,0,0,0
70,2017-08-23,No Program Specified,"3,035",434,August 23 2017 12:14:16 UTC,,"August 23, 2017",0,0,0,0,0,0,0,0,0,0,0,0,0,0,0,0,0,0
69,2017-08-09,No Program Specified,"2,991",433,August 9 2017 12:15:03 UTC,,"August 9, 2017",0,0,0,0,0,0,0,0,0,0,0,0,0,0,0,0,0,0
68,2017-08-02,No Program Specified,"3,264",441,August 2 2017 12:22:55 UTC,,"August 2, 2017",0,0,0,0,0,0,0,0,0,0,0,0,0,0,0,0,0,0
67,2017-07-12,No Program Specified,"3,202",440,July 12 2017 16:31:04 UTC,,"July 12, 2017",0,0,0,0,0,0,0,0,0,0,0,0,0,0,0,0,0,0
66,2017-06-28,No Program Specified,"3,409",449,June 28 2017 13:17:07 UTC,,"June 28, 2017",0,0,0,0,0,0,0,0,0,0,0,0,0,0,0,0,0,0
65,2017-05-31,No Program Specified,"3,877",413,May 31 2017 12:13:35 UTC,,"May 31, 2017",0,0,0,0,0,0,0,0,0,0,0,0,0,0,0,0,0,0
64,2017-05-26,Federal Skilled Trades,400,199,May 26 2017 16:35:48 UTC,,"May 26, 2017",0,0,0,0,0,0,0,0,0,0,0,0,0,0,0,0,0,0
63,2017-05-26,Provincial Nominee Program,143,775,May 26 2017 16:35:48 UTC,,"May 26, 2017",0,0,0,0,0,0,0,0,0,0,0,0,0,0,0,0,0,0
62,2017-05-17,No Program Specified,"3,687",415,May 17 2017 13:17:03 UTC,,"May 17, 2017",0,0,0,0,0,0,0,0,0,0,0,0,0,0,0,0,0,0
61,2017-05-04,No Program Specified,"3,796",423,May 4 2017 12:20:49 UTC,,"May 4, 2017",0,0,0,0,0,0,0,0,0,0,0,0,0,0,0,0,0,0
60,2017-04-19,No Program Specified,"3,665",415,April 19 2017 12:23:45 UTC,,"April 19, 2017",0,0,0,0,0,0,0,0,0,0,0,0,0,0,0,0,0,0
59,2017-04-12,No Program Specified,"3,923",423,April 12 2017 17:24:01 UTC,,"April 12, 2017",0,0,0,0,0,0,0,0,0,0,0,0,0,0,0,0,0,0
58,2017-04-05,No Program Specified,"3,753",431,April 5 2017 12:09:10 UTC,,"April 5, 2017",0,0,0,0,0,0,0,0,0,0,0,0,0,0,0,0,0,0
57,2017-03-24,No Program Specified,"3,749",441,March 24 2017 12:38:04 UTC,,"March 24, 2017",0,0,0,0,0,0,0,0,0,0,0,0,0,0,0,0,0,0
56,2017-03-01,No Program Specified,"3,884",434,March 1 2017 13:32:31 UTC,,"March 1, 2017",0,0,0,0,0,0,0,0,0,0,0,0,0,0,0,0,0,0
55,2017-02-22,No Program Specified,"3,611",441,February 22 2017 13:10:45 UTC,,"February 22, 2017",0,0,0,0,0,0,0,0,0,0,0,0,0,0,0,0,0,0
54,2017-02-08,No Program Specified,"3,644",447,February 8 2017 13:23:27 UTC,,"February 8, 2017",0,0,0,0,0,0,0,0,0,0,0,0,0,0,0,0,0,0
53,2017-01-25,No Program Specified,"3,508",453,January 25 2017 13:13:53 UTC,,"January 25, 2017",0,0,0,0,0,0,0,0,0,0,0,0,0,0,0,0,0,0
52,2017-01-11,No Program Specified,"3,334",459,January 11 2017 15:16:33 UTC,,"January 11, 2017",0,0,0,0,0,0,0,0,0,0,0,0,0,0,0,0,0,0
51,2017-01-04,No Program Specified,"2,902",468,January 4 2017 13:24:16 UTC,,"January 4, 2017",0,0,0,0,0,0,0,0,0,0,0,0,0,0,0,0,0,0
50,2016-12-22,No Program Specified,"2,878",475,December 22 2016 13:39:04 UTC,,"December 22, 2016",0,0,0,0,0,0,0,0,0,0,0,0,0,0,0,0,0,0
49,2016-12-16,No Program Specified,"1,936",497,December 16 2016 16:42:31 UTC,,"December 16, 2016",0,0,0,0,0,0,0,0,0,0,0,0,0,0,0,0,0,0
48,2016-11-30,Provincial Nominee Program,559,786,November 30 2016 14:58:44 UTC,,"November 30, 2016",0,0,0,0,0,0,0,0,0,0,0,0,0,0,0,0,0,0
47,2016-11-16,No Program Specified,"2,427",470,November 16 2016 13:12:45 UTC,,"November 16, 2016",0,0,0,0,0,0,0,0,0,0,0,0,0,0,0,0,0,0
46,2016-11-02,No Program Specified,"2,080",472,November 2 2016 12:34:57 UTC,,"November 2, 2016",0,0,0,0,0,0,0,0,0,0,0,0,0,0,0,0,0,0
45,2016-10-19,No Program Specified,"1,804",475,October 19 2016 12:20:50 UTC,,"October 19, 2016",0,0,0,0,0,0,0,0,0,0,0,0,0,0,0,0,0,0
44,2016-10-12,No Program Specified,"1,518",484,October 12 2016 12:18:33 UTC,,"October 12, 2016",0,0,0,0,0,0,0,0,0,0,0,0,0,0,0,0,0,0
43,2016-09-21,No Program Specified,"1,288",483,September 21 2016 12:05:41 UTC,,"September 21, 2016",0,0,0,0,0,0,0,0,0,0,0,0,0,0,0,0,0,0
42,2016-09-07,No Program Specified,"1,000",491,September 7 2016 12:09:27 UTC,,"September 7, 2016",0,0,0,0,0,0,0,0,0,0,0,0,0,0,0,0,0,0
41,2016-08-24,No Program Specified,750,538,August 24 2016 12:12:22 UTC,,"August 24, 2016",0,0,0,0,0,0,0,0,0,0,0,0,0,0,0,0,0,0
40,2016-08-10,No Program Specified,754,490,August 10 2016 11:17:01 UTC,,"August 10, 2016",0,0,0,0,0,0,0,0,0,0,0,0,0,0,0,0,0,0
39,2016-07-27,No Program Specified,755,488,July 27 2016 12:40:23 UTC,,"July 27, 2016",0,0,0,0,0,0,0,0,0,0,0,0,0,0,0,0,0,0
38,2016-07-13,No Program Specified,747,482,July 13 2016 13:56:45 UTC,,"July 13, 2016",0,0,0,0,0,0,0,0,0,0,0,0,0,0,0,0,0,0
37,2016-06-29,No Program Specified,773,482,June 29 2016 12:10:42 UTC,,"June 29, 2016",0,0,0,0,0,0,0,0,0,0,0,0,0,0,0,0,0,0
36,2016-06-15,No Program Specified,752,488,June 15 2016 13:35:01 UTC,,"June 15, 2016",0,0,0,0,0,0,0,0,0,0,0,0,0,0,0,0,0,0
35,2016-06-01,No Program Specified,762,483,June 1 2016 18:59:32 UTC,,"June 1, 2016",0,0,0,0,0,0,0,0,0,0,0,0,0,0,0,0,0,0
34,2016-05-18,No Program Specified,763,484,May 18 2016 13:45:56 UTC,,"May 18, 2016",0,0,0,0,0,0,0,0,0,0,0,0,0,0,0,0,0,0
33,2016-05-06,No Program Specified,799,534,May 6 2016 12:47:39 UTC,,"May 6, 2016",0,0,0,0,0,0,0,0,0,0,0,0,0,0,0,0,0,0
32,2016-04-20,No Program Specified,"1,018",468,April 20 2016 12:29:05 UTC,,"April 20, 2016",0,0,0,0,0,0,0,0,0,0,0,0,0,0,0,0,0,0
31,2016-04-06,No Program Specified,954,470,April 6 2016 12:32:17 UTC,,"April 6, 2016",0,0,0,0,0,0,0,0,0,0,0,0,0,0,0,0,0,0
30,2016-03-23,No Program Specified,"1,014",470,March 23 2016 12:20:45 UTC,,"March 23, 2016",0,0,0,0,0,0,0,0,0,0,0,0,0,0,0,0,0,0
29,2016-03-09,No Program Specified,"1,013",473,March 9 2016 13:11:07 UTC,,"March 9, 2016",0,0,0,0,0,0,0,0,0,0,0,0,0,0,0,0,0,0
28,2016-02-24,No Program Specified,"1,484",453,February 24 2016 13:03:55 UTC,,"February 24, 2016",0,0,0,0,0,0,0,0,0,0,0,0,0,0,0,0,0,0
27,2016-02-10,No Program Specified,"1,505",459,February 10 2016 13:07:36 UTC,,"February 10, 2016",0,0,0,0,0,0,0,0,0,0,0,0,0,0,0,0,0,0
26,2016-01-27,No Program Specified,"1,468",457,January 27 2016 13:44:40 UTC,,"January 27, 2016",0,0,0,0,0,0,0,0,0,0,0,0,0,0,0,0,0,0
25,2016-01-13,No Program Specified,"1,518",453,January 13 2016 12:59:27 UTC,,"January 13, 2016",0,0,0,0,0,0,0,0,0,0,0,0,0,0,0,0,0,0
24,2016-01-06,No Program Specified,"1,463",461,January 6 2016 13:28:25 UTC,,"January 6, 2016",0,0,0,0,0,0,0,0,0,0,0,0,0,0,0,0,0,0
23,2015-12-18,No Program Specified,"1,503",460,December 18 2015 15:56:10 UTC,,"December 18, 2015",0,0,0,0,0,0,0,0,0,0,0,0,0,0,0,0,0,0
22,2015-12-04,No Program Specified,"1,451",461,December 4 2015 13:15:46 UTC,,"December 4, 2015",0,0,0,0,0,0,0,0,0,0,0,0,0,0,0,0,0,0
21,2015-11-27,No Program Specified,"1,559",472,November 27 2015 15:58:32 UTC,,"November 27, 2015",0,0,0,0,0,0,0,0,0,0,0,0,0,0,0,0,0,0
20,2015-11-13,No Program Specified,"1,506",484,November 13 2015 12:34:37 UTC,,"November 13, 2015",0,0,0,0,0,0,0,0,0,0,0,0,0,0,0,0,0,0
19,2015-10-23,No Program Specified,"1,502",489,October 23 2015 12:34:37 UTC,,"October 23, 2015",0,0,0,0,0,0,0,0,0,0,0,0,0,0,0,0,0,0
18,2015-10-02,No Program Specified,"1,530",450,October 2 2015 12:28:11 UTC,,"October 2, 2015",0,0,0,0,0,0,0,0,0,0,0,0,0,0,0,0,0,0
17,2015-09-18,No Program Specified,"1,545",450,September 18 2015 14:51:28 UTC,,"September 18, 2015",0,0,0,0,0,0,0,0,0,0,0,0,0,0,0,0,0,0
16,2015-09-08,No Program Specified,"1,517",459,September 8 2015 15:41:50 UTC,,"September 8, 2015",0,0,0,0,0,0,0,0,0,0,0,0,0,0,0,0,0,0
15,2015-08-21,No Program Specified,"1,523",456,August 21 2015 14:38:31 UTC,,"August 21, 2015",0,0,0,0,0,0,0,0,0,0,0,0,0,0,0,0,0,0
14,2015-08-07,No Program Specified,"1,402",471,August 7 2015 21:10:39 UTC,,"August 7, 2015",0,0,0,0,0,0,0,0,0,0,0,0,0,0,0,0,0,0
13,2015-07-17,No Program Specified,"1,581",451,July 18 2015 00:04:00 UTC,,"July 17, 2015",0,0,0,0,0,0,0,0,0,0,0,0,0,0,0,0,0,0
12,2015-07-10,No Program Specified,"1,516",463,July 10 2015 23:59:57 UTC,,"July 10, 2015",0,0,0,0,0,0,0,0,0,0,0,0,0,0,0,0,0,0
11,2015-06-26,No Program Specified,"1,575",469,June 27 2015 00:02:00 UTC,,"June 26, 2015",0,0,0,0,0,0,0,0,0,0,0,0,0,0,0,0,0,0
10,2015-06-12,No Program Specified,"1,501",482,June 12 2015 23:59:55 UTC,,"June 12, 2015",0,0,0,0,0,0,0,0,0,0,0,0,0,0,0,0,0,0
9,2015-05-22,No Program Specified,"1,361",755,May 23 2015 00:00:00 UTC,,"May 22, 2015",0,0,0,0,0,0,0,0,0,0,0,0,0,0,0,0,0,0
8,2015-04-17,No Program Specified,715,453,April 18 2015 00:00:00 UTC,,"April 17, 2015",0,0,0,0,0,0,0,0,0,0,0,0,0,0,0,0,0,0
7,2015-04-10,No Program Specified,925,469,April 11 2015 00:00:01 UTC,,"April 10, 2015",0,0,0,0,0,0,0,0,0,0,0,0,0,0,0,0,0,0
6,2015-03-27,No Program Specified,"1,637",453,March 27 2015 23:59:47,,"March 27, 2015",0,0,0,0,0,0,0,0,0,0,0,0,0,0,0,0,0,0
5,2015-03-20,No Program Specified,"1,620",481,March 20 2015 23:59:53 UTC,,"March 20, 2015",0,0,0,0,0,0,0,0,0,0,0,0,0,0,0,0,0,0
4,2015-02-27,No Program Specified,"1,187",735,February 27 2015 23:59:51 UTC,,"February 27, 2015",0,0,0,0,0,0,0,0,0,0,0,0,0,0,0,0,0,0
3,2015-02-20,Canadian Experience Class,849,808,February 20 2015 11:59:47 UTC,,"February 20, 2015",0,0,0,0,0,0,0,0,0,0,0,0,0,0,0,0,0,0
2,2015-02-07,No Program Specified,779,818,February 7 2015 11:59:59 UTC,,"February 7, 2015",0,0,0,0,0,0,0,0,0,0,0,0,0,0,0,0,0,0
1,2015-01-31,No Program Specified,779,886,January 31 2015 11:59:48 UTC,,"January 31, 2015",0,0,0,0,0,0,0,0,0,0,0,0,0,0,0,0,0,0
